Item number,Title,Condition
362643263123,Wall Mount brackets White For Bose Lifestyle 18 28 38 48 Satellite speaker- Pair,New
362662893053,Wall Mount brackets For Bose Cube speaker - White Pair,New
362707490745,Bose 321 Series I DVD Home Entertainment System,Used
362711658694,Mini-cool Standard Light Pack 250W Video Light,Open box
362713047159,Bose 321 GS Series II DVD Home Entertainment System - Silver,Used
362713110471,Bose Wave - Audio System - Radio / Cd with Bluetooth Adapter - Graphite Gray,Used
362727589701,Set Of 5 Wall Mount brackets White For Bose Lifestyle Satellite speaker,New
362741708991,"Genuine Bose 2 Prong Power Cord for Bose 321 Series I II III, Bose Cinemate II",Used
362742437150,Wall Mount brackets For Bose Cinemate Series II,New
362745863727,Plastic Wall Mount brackets For White Bose 151 Speaker - Pair,New
362745869207,Wall Mount brackets For White Bose 101 speaker - Pair,New
362747314751,Bose Wave Premium Backlit Remote for Wave Music System II III,Used
362747393318,BOSE DOUBLE CUBE SPEAKER black/2nd generation - Single Speaker,Used
362747401670,Bose Universal Remote for Bose Solo/CineMate II - Black,Used
362751899527,1x Original Bose UB-20 Wall Mount Part As Pictured UB-20B (White),Used
362752744386,Wave Radio II power cord - NEW,New
362755016082,Bose Acoustimass Module Cable -Subwoofer To Media Center For Bose 321 Series I,Used
362755139274,Set Of 5 Wall Mount brackets White For Bose Acoustimass Satellite speaker,New
362755153750,"Guitar Hero III: Legends of Rock (Sony PlayStation 3, 2007)",Very Good
362760487073,Genuine BOSE Silver Logo Decal [1.5 Inches ] Ship From CA USA,Used
362760733889,Bose CINEMATE Digital Home Theater Speaker System with Optical Input,Used
362764849942,Bose 321 Series I Acoustimass Module Cable - Subwoofer To Media Center,Used
362766791781,Metal Wall Mount bracket For Bose Cinemate GS Series II speaker - Black Single,New
362766812281,Metal Wall/Ceiling bracket For Bose Lifestyle satellite speaker - Black Single,New
362766962426,1x Original Bose UB-20 Wall Mount Part As Pictured UB-20B (White),Used
362771005155,Set Of 5 Wall Mount brackets For Bose Lifestyle Satellite speaker - Black,New
362772593561,Bose Wall Mount Ceiling Bracket for Bose Lifestyle Cube Speaker. Single- Silve,Used
362772594823,Wall Mount brackets For Silver Bose Cube speaker - Silver Pair,New
362776386238,Bose SoundDock Digital Music System with Bluetooth Adapter (Black),Used
362777319026,Energizer Energi To Go iPod Charger With 2 AA Lithium Batteries,New
362779907881,HDMI Output Upgrade Kit For Bose Lifestyle AV18 AV28 AV38 AV48,New
362780144160,Genuine Bose Power Cord For Bose 321 Bose 3-2-1 Series I II,Used
362799637595,White Bose 2 Prong Power Cord for Bose Sounddock Series I II Power adapter,Used
362799640559,"White 2 prong AC Wall Power Cord for Bose Sounddock Or White Playstation PS3,PS",New
362805678835,HDMI Output Upgrade Kit For Bose 321 Series II III or Bose 321 Series I,New
362818335330,Wall Mount Ceiling Bracket for Bose Lifestyle Cube Speaker - Pair - Black,New
362834773404,Metal Wall Mount bracket For Bose 321 Speaker - Black Single,New
362857431492,Wall Mount Ceiling Bracket for Bose Lifestyle Cube Speaker - Pair - White,New
362857436923,Wall Mount Ceiling Bracket for Bose Jewel Cube Speakers - Pair - White,New
362867311121,Bose Wave Radio with Bluetooth Adapter - READ Description before Purchasing,Used
362869531854,Complete cables for Bose 321 Series II - 321 Series III,Used
362873949577,Guitar Hero 5 Bundle for Playstation 3 PS3,Very Good
362876347653,PS3 Guitar Hero World Tour Guitar Kit for Playstation 3 -,Good
362876834209,PS3 Wireless Guitar Hero Bundle Playstation 3,Very Good
362877050485,Wall Mount Ceiling Bracket for Bose Jewel Double Cube Speaker - Pair - White,New
362879059490,Metal SlideConnect Wall bracket For Bose Virtually Invisible 300 White- Single,New
362880673957,Xbox 360 Guitar Hero World Tour - Bundle Guitar w game,Very Good
362882369503,Bose 321 Remote Control for AV 3-2-1 Series II III Media Center System Remote,Used
362883896740,PS3 Guitar Hero 5 Bundle w USB Dongle,Good
362885299518,Metal Wall Mount bracket For Bose Cube speaker - White Single,New
362885299915,Metal Wall Mount bracket For Bose Lifestyle 18 28 38 48 - White Single,New
362885302286,Metal Wall Mount bracket For Bose Acoustimass satellite speaker - White Single,New
362886371186,Guitar Hero Live Replacement Neck Only,Used
362887427244,Replacement DVD Drive Part For Bose Lifestyle 18 28 38 48 AV38 AV48 AV28 AV18,Used
362888781315,Bose 3-2-1 321 Series II Subwoofer Only,Used
362895906932,Metal SlideConnect Wall bracket For Bose Jewel Cube Speaker Series II - Single,New
362895920596,Optical Audio Input Upgrade Kit For Bose Cinema Digital Home Theater Speaker,New
362895983282,Bose Digital home theater speaker system - Optical Audio Input Upgrade Kit,New
362899439864,02 - Mounting Screw for Bose Wall Mount / Bracket UB-20; fits Cube Speaker,Used
362899571500,Wall Mount Ceiling Bracket for Bose Jewel Cube Speaker - Pair - Black,New
362900153033,02 Mounting Screws for Bose Wall Mount / Bracket UB-20; fits Jewel Cube Speaker,Used
362903375234,Genuine Bose Wall Mount brackets For Bose Cube speaker - Single - White,Used
362905504929,"Bose 321 Home theater system, 3-2-1 series II Media center only.",Used
362906680162,DVD-ROM Drive replacement For Bose PS3-2-1 Series I II III - Tested Working,Used
362906830762,BOSE Media Center for Bose Lifestyle® 28 DVD home entertainment system,Used
362909153177,Guitar Hero III: Legends of Rock Wireless Bundle - Xbox 360,Good
362910003450,Metal Wall Mount bracket For Bose Lifestyle speaker - Black Single,New
362910032249,Bose SoundDock Digital Music System w Bluetooth Adapter - Sounddock 1 (Black),Used
362913002946,Replacement Bose Lifestyle Double Cube Speaker (Black) - Single * B Grade,Used
362913046288,Double Cube Speaker for BOSE Lifestyle Acoustimass 7-Series,Used
362915313188,Metal SlideConnect Wall bracket For Bose Lifestyle 600 Speaker - Single,New
362915315038,Metal SlideConnect Wall bracket For Bose Lifestyle 535 and 525 III - Single,New
362919374843,BOSE WAVE RADIO AWR1-1W/AWR1G1 POWER SUPPLY BILLION TRANSFORMER -TESTED WORKING,Used
362919630810,Replacement Bose Acoustimass Satellite Double Cube Speaker (Black) - Single,Used
362921234434,Genuine Bose White Wall Mount Bracket for Bose Acoustimas Cube Speaker - Single,Used
362921328614,Bose SoundDock with Bluetooth Adapter-Series II 30-Pin iPod/iPhone Speaker Dock,Used
362921339700,Bose SoundDock Digital Music System with Bluetooth Adapter (White),Used
362922243831,Bose Single Cube Speaker for Bose Acoustimass® 6 home theater speaker system,Used
362927919280,Power Cord For Bose Wave Radio/CD Player AWRC-1P White,Used
362935668219,Thunderbolt Mini Display Port DP to HDMI Cable Adapter for Apple MacBook Air Pro,New
362943706604,Bose Wave Radio/ Cd / Clock with OEM Bluetooth Adapter,Used
362948968945,"Component Video Adapter For Bose Lifestyle 18,28,35 Entertainment Systems",New
362953839404,Lot Of 2 HDX 3 outlet 6 ft 13 Amp 16 gauge indoor Extension Cords in White,New
362954807331,HDX 3 outlet 6 ft 13 Amp 16 gauge indoor Extension Cord in White,New
362963717546,NEW Bose 321 In-Home Setup & Demonstration Series II DVD Only,New
362963720871,Bose 321 In-Home Setup & Demonstration Series III DVD Only (Copy),New
362967550776,Bose SoundDock Series II 30-Pin Speaker Dock (Silver) w Adapter for iPhone 15 16,Used
362995947539,Bose 3.2.1 Home Entertainment System Owners User Manual Guide,Good
362999414990,"Bose 321 GSX DVD Home theater system, 3-2-1 GSX series II Media center only.",Used
363001329176,Bose 3·2·1® GS Series III DVD home entertainment system - HDMI Output,Used
363004783681,Bose SoundDock Series II 30-Pin iPod/iPhone Speaker Dock Black,Used
363010248488,Replacement BOSE AV38 Media Center for Bose Lifestyle 38 48 Home Theater System,Used
363039921413,Metal Wall Mount bracket For Bose Lifestyle 600 - Black Single,New
363039925044,Metal Wall Mount bracket For Bose Lifestyle SoundTouch 535 and 525 - Single,New
363039927895,USAV Metal Wall Mount bracket For Bose Virtually Invisible 300 - Single,New
363047489413,Bose SoundDock Portable 30-Pin Speaker Dock w Bluetooth Adapter - B Grade,Used
363048185637,1x Original Bose UB-20 Wall Mount Part As Pictured UB-20B (BLACK),Used
363048198904,Bose WB-20B Ceiling Arm (Black),Used
363050906264,Bose CineMate Series II Digital Home Theater Speaker System w Universal Remote C,Used
363057794715,04 Mounting Screws for Bose 151 Wall Mount / fits Bose 151 101,New
363059832032,Steel Wall Mount brackets For Bose 151 101 speaker - PAIR,New
363072390068,Replacement Media Center 3-2-1 II for Bose 321 series II - B Grade,Used
363087409825,Wall Mount Bracket for Bose Lifestyle Cube Speaker - Pair - Black,New
363089331697,Steel Wall Mount brackets For Bose VS-100 Video Speaker - PAIR,New
363089421923,Steel Dual Wall Mount brackets For Bose Center Chanel Speaker VCS-10,New
363089428886,Steel Dual Wall Mount brackets For Bose Lifestyle 135 Speaker Array,New
363100663206,"GENUINE BOSE AC 2 Prong Polarized-Power-Cord For Bose 321, Bose Cinemate I II",Used
363100692206,Plastic Wall Mount brackets For Black Bose 151 speaker - Pair,New
363110870342,Metal SlideConnect Wall bracket For Bose Acoustimass 10 Series V - Single,New
363166522198,Bose 321 GS Home Entertainment System Owner's Manual Guide,Good
363173251362,Replacement HDMI Output Kit For Bose 321 series III (Defective HDMI Output),New
363179593393,Bose SoundDock Portable Speaker Dock with Battery,Used
363198177672,Metal Wall Mount bracket For Bose Cinemate GS II Speaker - Black Single,New
363198545631,Bose SoundDock Digital Music System with Bluetooth Adapter - Sounddock 1 (Black),Used
363199658469,Steel Dual Wall Mount brackets For Bose Soundbar Speaker,New
363215110027,Bose SoundDock Series II 30-Pin Speaker Dock (Black) with Adapter for iPhone 11,Used
363218827240,BOSE Media Center AV18 for Bose Lifestyle® 18 28 series II III system,Used
363270179122,"Component Video Adapter For Bose Lifestyle AV18, AV38 AV48 Media Center",Used
363295784516,Wall Mount Bracket for Bose Lifestyle Double Cube Speaker - Pair - Black,New
363347716297,Genuine Bose 2 Prong Power Cord for Lifestyle PS28 PS48 Series III Subwoofer,Used
363347716784,Genuine Bose 2 Prong Power Cord for Bose Lifestyle home theater system,Used
363359870417,HDMI Output Upgrade Kit For Bose 321 Series I II Media Center - HDMI Output,New
363484812892,Sonos Play: 5 Wireless Speaker for Streaming Music (Gen 1) - White,Used
363490827900,04 Machine Screw For Harman Kardon speaker,New
363490830998,02 Machine Screw For Bose Cube - Bose 321 – Cinemate Speaker,New
363490837467,02 of Machine Screw For Jewel Cube Speaker,New
363490844277,04 PCS of Machine screws For For Bose 151 101,New
363490847612,Flat head machine screw For Jewel Cube Speaker,New
363490950830,OEM Bose Replacement Seals Only for Metal Grill Subwoofer Cover Part PS48 LSPS,Used
363490954330,Bose PS28/38/48/LSPS Replacement Metal Grill Cover,Used
363492114334,"Bose Universal Floor Stands for Lifestyle 600, SoundTouch 520 (Pair) - Black",Used
363492117823,Bose Universal Floor Stands (Pair) - Black for Bose 321 Cinemate Lifestyle,Used
363492125132,Bose WB-50 Series II Slideconnect Bracket - Black,New
363492127661,Bose UFS-20 Universal Floor Stands (Pair) - Silver,Used
363492131083,Bose Universal Table Stand for Bose all Lifestyle systems (single stand),Used
363492134189,Bose Universal Table Stand for Bose CineMate 520 (single stand),Used
363492135820,Bose Universal Table Stand for Bose Lifestyle soundtouch (single stand),Used
363492148654,PS3 Guitar Hero III: Legends of Rock Wireless Bundle - Playstation 3,Brand New
363492155586,Guitar Hero Live Wireless Guitar Controller 0000654 For PS3 With Dongle & String,Brand New
363492179143,Guitar Hero SG Controller - Black - PlayStation 2,Good
363492183422,PS2 Guitar Hero 3 Wireless Kramer Striker Guitar Controller,Good
363492186122,Xbox 360 Guitar Hero World Tour - Stand Alone Guitar,Good
363492192791,RedOctane Gibson Guitar Hero Guitar / SG Controller (White/Red) for PS2,Good
363492305805,Guitar Hero III Legends of Rock Wired Bundle (Game & Guitar) for Playstation 2,Good
363492313363,PS3 Guitar Hero World Tour Dual Bundle - Includes 2 Les Paul Wireless Guitars,Like New
363492323191,Wii Rock Band Wireless Guitar with USB Dongle,Good
363492439637,Xbox 360 Guitar Hero III Legends of Rock Exclusive Special Edition Bundle,Good
363492441196,Red Octane Guitar Hero World Tour Wireless Guitar Controller for Wii,Good
363492453954,Rock Band Harmonix Wired Drum Kit Set Stand Ps2/Ps3 822148 Playstation,Good
363492455966,Guitar Hero Aerosmith Wireless Bundle - Playstation 3,Good
363493349324,Replacement Bose Speaker Driver for Bose Sounddock II,Used
363493387057,Replacement Bose Speaker Driver for Bose Portable,Used
363493393282,Replacement Bose Speaker Driver for Bose Wave Music System III,Used
363493401792,Replacement Bose Speaker Driver for Bose Wave Music System AWRCC1 AWRCC2,Used
363493408734,Replacement Bose Speaker Driver for Bose Wave Radio CD Awrc-1P Awrc-1G,Used
363493416156,Replacement Bose Subwoofer Driver Speaker for Bose LSPSPS18PS28PS38PS48 - Pair,Used
363493423778,Replacement Bose Subwoofer Driver Speaker for Bose Acoustimass 6 Series III,Used
363493430654,Replacement Bose Subwoofer Driver Speaker for Bose Acoustimass 10 Series IV III,Used
363493434528,Replacement Bose Subwoofer Driver Speaker for Bose Acoustimass 15 16 Series II,Used
363493442638,Bose Wave AM/FM Radio CD Player AWRC1G Graphite Top/Lid Control panel only,Used
363493447342,Bose Wave AM/FM Radio CD Player AWRC1P Top/Lid Control panel only,Used
363493450981,Bose Wave Radio/CD AWRC1G / AWRC1P Spring for Top Lid / Control / CD Door,Used
363493485388,Harmonix Nintendo Wii Rock Band Wired Drum Controller (19092),Good
363493640281,Bose CineMate Series II Satellite Speaker - Pair Black,Used
363494923457,Bose 321 Series I Owner’s Guide Manual,Good
363494924978,Bose 321 Series I Owner’s Guide Manual (photo copy),Good
363494927671,Bose 321 GS Series II Owner’s Guide Manual (photo copy),Good
363494929373,Bose 321 GS Series II Owner’s Guide Manual,Good
363494930518,Bose 321 GS Series III Owner’s Guide Manual,Good
363494931572,Bose 3-2-1 321 Series III Owner’s Guide Manual (Photo copy),Good
363494934447,Bose Cinemate Owner’s Guide Manual (photo copy),Good
363494937216,Bose Lifestyle Owner’s Guide Manual,Good
363494938225,Bose Lifestyle Owner’s Guide Manual (photocopy),Good
363495073912,Bose Model 100 Bookshelf Surround Sound Speaker White Single (1) Replacement,Used
363495157736,Bose 3.2.1 Home Entertainment System Owners User Manual Guide (Photocopy),Good
363495158802,Bose 3.2.1 GS Home Entertainment System Owner's Manual Guide (Photocopy),Good
363495167751,Bose 321 GSX Series III Owner’s Guide Manual,Good
363495168326,Bose 321 GSX Series III Owner’s Guide Manual (Photocopy),Good
363495170457,Bose Cinemate Series II GS Series II Owner’s Guide Manual,Good
363495170854,Bose Cinemate Series II GS Series II Owner’s Guide Manual (photocopy),Good
363495171730,Bose Cinemate 130 Owner’s Guide Manual (photocopy),Good
363495171933,Bose Cinemate 130 Owner’s Guide Manual,Good
363495174793,Bose Lifestyle PS 18 28 48 Owner’s Guide Manual,Good
363495176383,Bose Lifestyle 18 28 Series II Owner’s Guide Manual (Photocopy),Good
363495176742,Bose Lifestyle 18 28 Series II Owner’s Guide Manual,Good
363495178885,Bose Lifestyle VS-2 Owner’s Guide Manual (photocopy),Good
363495180799,Bose Lifestyle V35 V25 T20 T10 Owner’s Guide Manual (photocopy),Good
363495181670,Bose Lifestyle V35 V25 T20 T10 Owner’s Guide Manual,Good
363495182908,Bose Lifestyle V class Owner’s Guide Manual,Good
363495183339,Bose Lifestyle V class Owner’s Guide Manual (Photocopy),Good
363495201430,Bose Lifestyle Soundtouch 535 525 235 135 Owner’s Guide Manual (Photocopy),Good
363496156980,Bose Lifestyle 3 Series II Owner’s Guide Manual,Good
363496157956,Bose Lifestyle 3 Series II Owner’s Guide Manual (Photocopy),Good
363496160327,Bose Lifestyle 3 Owner’s Guide Manual (Photocopy),Good
363496162353,Bose Lifestyle 535 525 Series II Owner’s Guide Manual,Good
363496162874,Bose Lifestyle 535 525 Series II Owner’s Guide Manual (Photocopy),Good
363496164330,Bose LS Soundtouch 535 525 235 135 LS 535 525 Owner’s Guide Manual (Photocopy),Good
363496164680,Bose LS Soundtouch 535 525 235 135 LS 535 525 Owner’s Guide Manual,Good
363496165369,Bose Lifestyle 5 Series I Owner’s Guide Manual (photo copy),Good
363496167240,Bose Lifestyle 5 Series II Owner’s Guide Manual (Photocopy),Good
363496168502,Bose Lifestyle 5 Series II Owner’s Guide Manual,Good
363496169937,Bose Lifestyle 5 Series III Owner’s Guide Manual,Good
363496170864,Bose Lifestyle 5 Series III Owner’s Guide Manual (Photocopy),Good
363496171613,Bose Lifestyle 10 Owner’s Guide Manual (Photocopy),Good
363496174048,Bose Lifestyle 10 Owner’s Guide Manual,Good
363496174880,Bose Lifestyle 20 Owner’s Guide Manual (Photocopy),Good
363496175420,Bose Lifestyle 40 Owner’s Guide Manual (Photocopy),Good
363496180705,Bose Lifestyle 901 Owner’s Guide Manual (Photocopy),Good
363496188438,Bose Cinemate 15/10 Owner’s Guide Manual,Good
363496188993,Bose Cinemate 120 Owner’s Guide Manual,Good
363496189686,Bose Cinemate 120 Owner’s Guide Manual (Photocopy),Good
363496191002,Bose Cinemate Home Theater Speaker System Owner’s Guide Manual,Good
363496191061,S-Video to HDMI Output Upgrade Kit For Bose 321 Series I II System- HDMI Output,New
363496193939,Bose Cinemate 1 SR Owner’s Guide Manual (Photocopy),Good
363496196093,Bose 321 GSX Series I Owner’s Guide Manual (Photocopy),Good
363496196649,Bose 321 GSX Series I Owner’s Guide Manual,Good
363496199452,Bose 321 GS Owner’s Guide Manual (Photocopy),Good
363496273213,Bose Cinemate Soundtouch 120 130 220 520 Owners User Manual Guide (Photocopy),Brand New
363496275122,Bose Lifestyle 8 Series I Owners User Manual Guide,Good
363496275397,Bose Lifestyle 8 Series I Owners User Manual Guide (Photocopy),Good
363496276084,Bose Lifestyle 8 Series II Owners User Manual Guide (Photocopy),Good
363496276423,Bose Lifestyle 8 Series II Owners User Manual Guide,Good
363496320402,Bose Lifestyle 12 Series I Owners User Manual Guide,Good
363496321231,Bose Lifestyle 12 Series I Owners User Manual Guide (Photocopy),Good
363496322826,Bose Lifestyle 12 Series II Owners User Manual Guide (Photocopy),Good
363496323268,Bose Lifestyle 12 Series II Owners User Manual Guide,Good
363496325357,Bose Lifestyle 18 SII 28 SII 38 SI 48 SI Owners User Manual Guide,Good
363496325775,Bose Lifestyle 18 SII 28 SII 38 SI 48 SI Owners User Manual Guide (Photocopy),Good
363496326992,Bose Lifestyle 18 SIII 28 SIII 35 SIII Owners User Manual Guide (Photocopy),Good
363496328377,Bose Lifestyle 25 Series I Owners User Manual Guide,Good
363496328780,Bose Lifestyle 25 Series I Owners User Manual Guide (Photocopy),Good
363496330139,Bose Lifestyle 25 Series II Owners User Manual Guide (Photocopy),Good
363496352901,Bose Lifestyle 25 Series II Owners User Manual Guide,Good
363496354513,Bose Lifestyle 28 Series I 35 Series I Owners User Manual Guide,Good
363496355030,Bose Lifestyle 28 Series I 35 Series I Owners User Manual Guide (photocopy),Good
363496355545,Bose Lifestyle 30 Series II Owners User Manual Guide (photocopy),Good
363496355901,Bose Lifestyle 30 Series II Owners User Manual Guide,Good
363496358400,Bose Lifestyle 35 Series II Owners User Manual Guide (Photocopy),Good
363496447363,Bose Wave Audio System - RADIO Only with Bluetooth Adapter - Graphite Gray,Used
363499819333,Sonos Play: 5 Wireless Speaker for Streaming Music (Gen 1) - Black,Used
363499921622,Genuine wall mount bracket for Bose speaker - Black single,New
363501111013,Bose 101 Speaker Pair with Brackets (White),Used
363501111877,Bose 101 Speaker Pair with Brackets (Black),Used
363502387416,Bose Universal Floor Stands (Pair) - Black for Bose Acoustimass 6 10 15 16,Used
363502463106,"Bose Universal Table Stands (single), White for Bose Cube 321 Cinemate",Used
363506551137,Set Of 5 Wall Mount brackets For Bose Lifestyle V30 Jewel Cube Speakers - Black,New
363509518128,Genuine Dura Micro DM5133U AC Power Supply Adapter 12V ~ 2A,New
363509820418,Bose SoundDock II with OEM Bluetooth Adapter,Used
363511760297,"Bose DCS91 Power adapter for Lifestyle 18,28,35,38,48.AV18,AV28,AV38,AV48",Used
363511772002,OEM Power Supply PSM36W-201 for Bose SoundDock I +/- 18 V Series I AC Adapt,Used
363511775294,"OEM Power Supply PSM36W-201 for Bose SoundDock I +/- 18 V Series I, White",Used
363511868940,OEM Bose PSM36W-208 Switching Power Supply for Bose SoundDock Series II,Used
363513338669,"Genuine Bose HDMI cable for Lifestyle 525, 535",Used
363513346728,"Genuine Bose Optical cable for Lifestyle 525, 535",Used
363513348774,"Genuine Bose Digital Optical Audio Cable for Lifestyle V25 V35 525, 535",Used
363513402275,OEM 12V AC/DC Adapter for Bose Companion 2 Series III II I,New
363514454711,Replacement BOSE Media Center for Bose Lifestyle® 35 Series II III IV system,Used
363516883109,Replacement Panel MainBoard Lifestyle BOSE PS18 PS28 PS38 Series III Subwoofer,Used
363518103033,Bose Lifestyle V35 Console Upgrade Kit for Bose Lifestyle V30 V20 V10,Used
363521733966,CD-ROM Drive replacement For Bose PS3-2-1 Series II- CD Only - No DVD,Used
363521771092,Altec Lansing M602 Speaker System for iPod (Black),Used
363521781241,"Replacement Bose Control Console for Bose Lifestyle V25 V35 135, Refurbished",Used
363521782633,Replacement Bose Control Console for Bose Lifestyle V25 V35 135,Used
363524964230,Altec Lansing T612 Speaker System for iPod (Black),Used
363526664899,Logitech Pure-Fi Anytime iPod Dock S-00066,Used
363526677280,Logitech Rechargeable Speaker S315i - Portable Speaker For Ipod/iphone - Black,Used
363527672218,JBL CSB5 Bookshelf Speakers Pair,Used
363527885632,Replacement Amplifier Module for Bose Lifestyle PS28 PS38 PS48 Series III,Used
363528946167,Interface Module for Bose CineMate GS Series II - B grade,Used
363534838247,Replacement Guitar Hero Live Wireless Guitar Controller - Guitar Body Only PS3,Very Good
363534843734,Guitar Hero Live Wireless Guitar Controller 0000654 For PS3 With USB Dongle,Very Good
363537376778,Bose Freespace 6 Satellite,Used
363537618416,Remote Control for Bose Lifestyle 40 50 (NO BACKLIGHT),Used
363537632807,Bose M1 Multi-Room Interface for Bose Lifestyle 50 / 40 System,Used
363538874140,Bose 321 Series 1 Remote Control,Used
363538902389,Bose 321 Series 2 and 3 Remote Control,Used
363538930696,Bose RC-20 Remote Control,Used
363538947349,Bose RC-25 Remote Control,Used
363539068355,Bose RC-5 Remote Control,Used
363539070156,Bose ORIGINAL BATTERY COVER for Bose Lifestyle RC-38T1-27 RC-28T1-27,Used
363539143778,Bose RC-5 RemoteControl,Used
363539145405,RC-9 Remote Control,Used
363542370692,Component to HDMI Upgrade Kit For Bose Lifestyle AV18 AV28 AV38 AV48,New
363545670084,"Bose Wave Music System Multi-CD Changer Accessory Bose Link 9 Pin Cable, black",Used
363545671684,"Bose Wave Music System Multi-CD Changer Accessory Bose Link 9 Pin Cable, white",Used
363545676161,"Bose Wave Music System Multi-CD 3 CD Changer Accessory POWER Cable, Black",Used
363545677612,"Bose Wave Music System Multi-CD 3 CD Changer Accessory POWER Cable, White",Used
363545824351,"High Quality 3 RCA (Component Video) + 2 RCA (Audio), 6ft White",New
363546781091,Guitar Hero 2 Guitar Controller,Good
363546969619,Bose Wave Radio CD Player AWRC1G Display Cover only,Used
363546974609,BOSE Replacement FACE PLATE Speaker Grill Display Cover Lens AWR1-1W Wave Radio,Used
363546983478,Bose Wave Music System Multi CD Changer Accessory Grey *TOP COVER ONLY*,Used
363546989527,Bose Wave Music System case base Only,Used
363546992292,1 Bose Redline Cube Speaker Driver 4-Ohm replacement,Used
363546994120,Bose Wave Music system AWRCC1 AWRCC2 LCD Display Screen Replacement Part,Used
363547000991,Bose Wave Music System III Touch CD Player Radio LCD Screen Readout 342507-0060,Used
363549927825,Bose FreeSpace DS 16F Loudspeaker,Used
363550047278,"Bose Professional Tile Bridge for 40F, DS 16F and DS 100F Loudspeakers",Used
363550901852,Laser Len for Bose Wave Radio/CD 0068708,For parts or not working
363550907874,Replacement LCD screen display for Bose Wave Radio/CD 168910-02,Used
363550917107,Replacement Power Transformer/ Supply for Bose Wave Radio/CD 193372,Used
363550926027,Replacement bottom cover for Bose wave Radio CD 022373C0054,Used
363550982077,Replacement top cover for Bose wave Radio CD,Used
363550991707,Bose SoundLink Mini II Special Edition (Black),Used
363550992567,BOSE Wave Music System Integrated Touchpad Control IC-1,Used
363551085075,"Genuine Bose AC Adapter Wall charger for Soundlink Mini Series II,",Used
363551105520,Pair Of Bose Companion 5 Multimedia Speakers,Used
363552172222,BOSE PC-16 Plenum Cover Enclosure For FreeSpace DS 16F DS16F Loudspeaker,Used
363552411618,Universal Black Wall Mount Bracket for Bose Satellite Speakers,New
363553215835,Sonos Play:3 - Mid-Sized Wireless Smart Home Speaker for Streaming Music,Used
363553272026,"Genuine Bose Slideconnect Bracket for Virtually Invisble 300, Lifestyle 600",Used
363553274098,"Genuine Bose Slideconnect Bracket for SoundTouch 520, Lifestyle 600",Used
363553275276,Genuine Bose Slideconnect Bracket Acoustimass Series V speaker systems,Used
363553278976,Genuine Bose Slideconnect Bracket for Bose Jewel Cube Series II,Used
363553394392,Metal SlideConnect Bracket for Lifestyle 600,Used
363553394841,"Metal SlideConnect Bracket for SoundTouch 520, 535, 525",Used
363553395748,Metal SlideConnect Bracket Acoustimass Series V speaker systems,Used
363553396224,Metal SlideConnect Bracket for Bose Jewel Cube Series II,Used
363553456794,Genuine Bose CENTER Direct Reflecting Series II Speaker Black,Used
363553530829,"Genuine Bose Direct Reflecting Series II Speaker Black, R00105",Used
363554394778,"Genuine Bose Direct Reflecting Series II Speaker Black, R00106",Used
363554400248,"Genuine Bose Direct Reflecting Series II Speaker Black, R00107",Used
363554404490,"Genuine Bose Direct Reflecting Series II Speaker Black, R00108",Used
363554410589,Polk Audio Blackstone TL1 Speaker Center Channel,Used
363554504815,Bose UFS-20 Speaker Stand Part - Mounting Bracket & Screw,Used
363554506301,One Bottom Washer/Screw BOSE UFS-20 Cube Speaker Floor Stand Hardware Parts,Used
363554520160,Bose UFS-20 speaker Stand Bases Black Iron Part Solid - As-is,For parts or not working
363554539727,Bose UFS-20 Speaker Stand Part - Mounting Bracket Adapter for Cube Jewel II,New
363554543776,Lot of 2 OEM BOSE UFS-20 Speaker Stand Replacement Parts - Brackets and Screws,Used
363554546509,Lot of 2 OEM BOSE UFS-20 Speaker Stand Replacement Parts. BracketsscrewsCovers,Used
363557640220,Sonos Bridege for Sonos Wireless Network,Used
363557680793,Bose Case for Bose CD 3000,Used
363559361709,Levy's MPD2 Polyester Guitar Strap - Design 048,Used
363562093882,Back cover for Bose PS28 series III subwoofer,Used
363566603074,AC/DC Adaptor Dura Micro DM5133U 12 Volt Power Supply (12V 2A),New
363568100506,Bose SoundLink Mini Bluetooth Speaker II (Black),Used
363571133239,Genuine Bose Mounting bracket for Bose 151 SE or 161 Speaker - White -Single,Used
363571136488,NEW Genuine Bose Black Mounting Bracket for Bose 151 SE or 161 Speaker - Single,New
363576830153,AC/DC Adaptor 12V 1.0A Power Supply for for Altec Lansing inMotion iM600,New
363594546737,Wall Mount bracket For Bose Jewel Cube series II - Single,New
363605365730,Wave Music III CD Player Radio Main Motherboard Circuit Board 342507-0060,Used
363617586229,Bose Solo 5 TV Sound System - Black,Used
363617592660,Bose 410376 Solo TV Sound System - Black,Used
363617626866,Bose CineMate Series II Digital Home Theater Speaker System - FREE SHIPPING,Used
363618568055,Xbox 360 Guitar Hero World Tour - Wireless Guitar Controller,Very Good
363618575968,"Guitar Hero III: Legends of Rock (Sony PlayStation 3, 2007)",Very Good
363618642525,Guitar Hero SG Controller - Black - PlayStation 2,Very Good
363618654922,Guitar Hero 2 Guitar Controller,Used
363618662539,Guitar Hero III: Legends of Rock - Playstation 3 (Game only) by Activision,Very Good
363618692398,RedOctane Gibson Guitar Hero Guitar / SG Controller (White/Red) for PS2,Used
363618702839,Wii Rock Band Guitar with Dongle and Game,Used
363618706804,Wii Guitar Hero World Tour - Stand Alone Guitar,Very Good
363618713821,Rock Band 2 wireless Guitar with USB Dongle for PS3 Playstation 3,Used
363619630803,Red Octane Guitar Hero World Tour Wireless Guitar Controller for Wii,Used
363619720980,harman kardon sat-ts20 home theater system-Stand Only,Used
363619790214,Rock Band Harmonix Wired Drum Kit Set Stand Ps2/Ps3 822148 Playstation,Used
363619888948,Rock Band 2 Wired Drum Kit (Xbox 360),Used
363620047834,Universal Drum Sticks and Case - Xbox/Xbox 360,New
363629942580,Set Of 6 Wall Mount brackets White For Bose Acoustimass 15 16 series II,New
363641543847,BOSE Wave Radio AWR131 Music System Outer Shell Housing Case (No Battery Cover),Used
363641567325,BOSE AV 3-2-1 Series 1 AV-321 Media Only tray Cover To 3-2-1 series 1 DVD Player,Used
363641572433,Bose AV28 / AV-28 Media Center Bottom Plastic Housing,Used
363641578179,Bose AV28 / AV-28 AV18 / AV-18 Media Center Side Panel Part: 256154-001,Used
363642917533,Genuine Bose Bluetooth Adapter for Bose Wave Music System AWRCC1 AWRCC2,Used
363643020186,Genuine Bose Wall Mount brackets For Bose Cube speaker - Single - Black,Used
363649740574,bose universal table stand Black,New
363665248296,Integrated Touchpad Control for Bose Wave music system or Bose Wave radio II,Used
363680048838,BOSE Media Center for Bose Lifestyle® 28 DVD system - PLEASE READ Description,Used
363699089356,3M Recording Tape 479 Broadcast Video Tape C Format,New
363699386376,Sonos Play: 5 Wireless Speaker for Streaming Music (Gen 1) - NOT WORKING,For parts or not working
363706080296,BOSE Replacement Display Cover Lens AWR1-1W AWR1-1G Wave Radio,Used
363710560032,Set Of 6 Wall Mount brackets White For Bose Acoustimass 15 16 Series II speaker,New
363806878317,Vintage 3M Recording Tape 479 Broadcast Video Tape C Format - 9 inch reel,New
363900112223,Mounting Screw for Bose Stand UFS 20/UTS 20; fits Jewel Cube Speaker,Used
363983328044,NEW Guitar Hero 5 Bundle for Playstation 3 PS3,Brand New
363983400586,"Bose 321 Home theater system, 3-2-1 series II Media center only. For Parts.",For parts or not working
364021087911,"Dell USB Type A to USB 3.0 Type B Black Cable - for USB Hub, External HDD, Moni",New
364029932611,OEM BOSE JEWEL CUBE SPEAKER CABLE/wire 40ft,New
364029935852,02 Rear Speaker Cables for Bose Acoustimass Lifestyle - RCA to Bare Wire,New
364029939611,Set of 5 - 16 Gauge Speaker Cable for Bose Lifestyle Spk - RCA to Bare Wire,New
364029949405,Home Theater 5.1 Speaker Cables For Harman Kardon HKTS System 9 15 16 20 30,New
364101228777,Logitech Z-680 Computer Speakers (Pair),Used
364102113007,Bose Waves Music System Model AWRCC1 - For Parts or Repair,For parts or not working
364107803306,"USAV Bluetooth Adapter for Bose Wave Music System II III IV AWRCC1, AWRCC2",New
364107803793,USAV Bluetooth Adapter for Bose Lifestyle | Bose 321,New
364109914588,OEM Bluetooth Adapter for Bose Lifestyle 18 28 38 48 V25 V35 T20 T30 System,New
364115515605,Genuine Bose Remote Control for Bose Wave Music System AWRCC1 AWRCC2,Used
364115526007,Genuine Bose Remote Control AWRCC2 for Bose Wave Music System AWRCC2 AWRCC1,Used
364116757760,USAV Bluetooth Adapter for Bose Wave Radio IV III II Awr1b1 Awr1b2,New
364121897255,S-Video to HDMI Output Upgrade Kit For Bose Lifestyle AV18 AV28 AV38 AV48,New
364127515244,Bose 321 GSX Series II w uMusic DVD Home Entertainment System,Used
364130525645,Genuine Bose AC Adapter Wall charger for Soundlink Mini Series II,Used
364131511251,Bose Cinema Digital Home Theater Speaker Optical Audio Input Upgrade Kit,New
364137175593,BOSE wired headphone to wireless upgrade kit,New
364137232066,Bose wireless Adapters For Lifestyle T20 V25 V20 Surround Speakers,Used
364139800539,Bose 5.1 Lifestyle V25 Home Theater System w HDMI Input/Output,Used
364141031944,Upgrade Kit Bose Lifestyle V30 V20 28 38 48 Series III IV to Lifestyle V25/V35,Used
364141226380,Bose Wave Music System - USAV Bluetooth Adapter Only,New
364142246121,Bose Wave Radio with Bluetooth Music Adapter- (Graphite Gray),Used
364150227636,Bose Soundtouch 525 525 Console Upgrade Kit for Bose Lifestyle V10 V20 V30,Used
364156118559,"Wall Mount Ceiling Bracket for Klipsch ProMedia 2.1, v.2-400, 4.1 - Pair - Black",New
364156143517,Wall Mount Ceiling Bracket for Klipsch HD Theater 500 Satellite - Pair - Black,New
364157789746,PSB Alpha T Tower Speakers - Pair Black,Used
364160363000,USAV Bluetooth Adapter for Bose Wave Radio CD player AWRC-1G AWRC-1P,New
364172716516,"Sony NSX40GT1 40"" TV with OEM universal remote control - Local pickup ONLY",Used
364176331046,Bose VS-2 Software Update DVD for Bose Lifestyle® VS-2 Video Enhancer,New
364181457137,Bose Wave Radio with Bluetooth Music Adapter - Cream White,Used
364181457424,Bose Wave Radio with Bluetooth Music Adapter- (Graphite Gray),Used
364184973727,Power supply 5V DC USB Charger for Bose Soundlink Color / Soundlink Mini II,New
364184994644,Bluetooth transmitter Adapter for Bose Wave CD Player to Bluetooth Speakers,New
364185095391,Replacement Panel MainBoard Lifestyle for BOSE PS48 Series III Subwoofer,Used
364192835593,Bose AV3-2-1 Series I Media Center with HDMI Output Upgrade Kit,Used
364192837869,Replacement Bose AV3-2-1 Series I Media Center,Used
364200292226,OEM Bluetooth Music 30 Pin Receiver Adapter for Bose Sounddock I II,New
364200298386,OEM Bluetooth Music 30 Pin Receiver Adapter for Bose Sounddock Portable,New
364200312050,OEM Bluetooth Music 30 Pin Receiver Adapter for Bose Sounddock 10,New
364206300080,OEM Bluetooth Adapter for Bose Cinemate Series II I System,New
364207252518,Metal SlideConnect Bracket for Bose OnmiJewel speakers Bose Lifestyle 600,New
364207253212,Metal SlideConnect Bracket for Bose Direct/Reflecting Series II Speakers,New
364207289872,USAV Bluetooth Adapter for Bose Acoustic Wave Music System II | CD-3000,New
364207489235,Replacement Bose 321 Bose Cinemate II Speaker Satellite Pair - Grey,Used
364207492869,Bose 321 Bose Cinemate II Speaker Satellite Pair - Grey - B Grade,Used
364207544320,Replacement Bose Cinemate II Speaker Satellite Pair - Black,Used
364207575830,Bose Single Cube Speaker for Bose Acoustimass® 600 speaker system,Used
364207582096,Steel Black Mount Bracket For Omnijewel Lifestyle 650 & Surround Speakers 700,New
364215408290,Xbox 360 Rock Band Fender Stratocaster Wired Guitar Harmonix 822152,Used
364217960196,3ft 3.5mm Stereo Plug/Plug M/M Cable - Black for Bose wave music system II III I,New
364219357280,Genuine Bose Wall Mount brackets For Bose Lifestyle 18 28 38 - Single - Black,Used
364225338888,Genuine Wall-mount bracket for Harman Kardon Center speaker HKTS 9/15/16,New
364232079416,"Bose Universal Table Stands (single), Silver for Bose Double Cube",Used
364254531308,Two-pin speaker cable for Bose Virtually Invisible 300 - Single,New
364254762717,Replacement CD Processor PCB for Bose Wave Music System AWRCC1 AWRCC2 269837-001,Used
364271524341,Bose Wave Music System AWRCC1 MP3 CD Player AM/FM Radio,Used
364271527350,Bose Wave Music System CD Player AM/FM Radio w Bluetooth Adapter AWRCC1,Used
364271532275,Bose Wave Music System CD Player AM/FM Radio w Bluetooth (Titanium Silver),Used
364271534478,"Bose Wave Multi-CD Changer, Graphite Gray",Used
364271540689,Bose Wave Music System CD Player AM/FM Radio w Bluetooth Adapter - AWRCC2,Used
364273024758,Bose Acoustimass 10 Series III Speaker System (White),Used
364273027288,Bose Lifestyle 535 Series II Home Entertainment System w Soundtouch Adapter,Used
364273037689,Bose Wave Music System CD Player AM/FM Radio - Model AWRCC2 w Bluetooth Adapter,Used
364273040815,Bose Wave - Audio System - Radio / Cd - Graphite Gray - with remote control,Used
364273042419,BOSE Media Center AV28 with HDMI Output Converter Upgrade Kit,Used
364273046966,"Bose Wave Multi-CD Changer, Graphite Gray (for Wave music system III)",Used
364273049008,"Bose Wave Music System III with OEM Music Bluetooth Adapter , Graphite Gray",Used
364273050717,Bose CineMate 520 Home Theater System,Used
364273060518,Bose Wave® Music System III - Midnight Blue - with OEM Bluetooth Adapter,Used
364273063054,Bose Lifestyle V35 Home Theater System,Used
364273064121,Bose Wave Music System II - Midnight Blue - with USAV Bluetooth music Adapter,Used
364273066737,Bose Lifestyle V25 Home Theater System,Used
364273068012,Bose Wave Music System CD Player Radio w Bluetooth Adapter - REFURBISHED,Used
364273069385,Bose Lifestyle SoundTouch 525 Entertainment System,Used
364273075574,"Bose Lifestyle 525 Series II Home Entertainment System w Soundtouch Adapt, Black",Used
364273085178,Bose Wireless Acoustimass module for CineMate® 1 SR home theater speaker system,Used
364273087472,Bose SoundTouch 130 home theater system - Black,Used
364273090746,Bose CineMate 120 Home Theater System - Black,Used
364273093388,Genuine Bose Bluetooth Adapter for Bose Wave Radio CD IV III,Used
364273098942,Bose Wave Music System Bundle with Bose Wave Multi-CD Changer - White Cream,Used
364274393980,20FT Speaker Cable for Front Bose Cube speaker Acoustimass Lifestyle - Single,New
364274403383,AS/IS Bose CineMate 1 SR Speaker Array Sound Bar Model 328040 Black #P0203,For parts or not working
364274409934,Bose® Wave® Music System with Multi-CD Changer - Titanium Silver,Used
364274413999,Set of 5 - 16 Gauge Speaker Cable for Bose Acoustimass - RCA to Bare Wire,New
364274422058,Replacement Bose AV 130 Control Console for Bose Cinemate Soundtouch 130,Used
364274425912,Upgrade Kit Gemstone ES Speaker arrays and cable for BOSE 321 Cinemate I II,Used
364274499358,Bose Wave Music System II w Bluetooth (Titanium Silver) B GRADE,Used
364274501667,Genuine Bose 2 Prong Power Cord for Lifestyle PS28 18 38 48 Series III Subwoofer,Used
364274503805,Plastic wall mount bracket for Bose Acoustimass AM-5 Speaker - Black -Pair,New
364274626185,"Bose Speaker Cable for CineMate II System or 321 System, Black",Used
364275757643,Bose Wave Music System Bundle with Bose Wave Multi-CD Changer - Graphite Grey,Used
364275764805,Bose Lifestyle 235 2.1-Channel Home Theater System,Used
364275771077,Wall Mount Brackets (Pair) for Bose 321 Satellite speakers,New
364275775620,Bose Wave Music System II White - FREE SHIPPING,Used
364275780207,"Replacement Bose POWER TRANSFORMER 269842 for Bose Wave Music System II, III",Used
364275787508,Replacement Bose Wave Music System for Bose Wave Music System Multi-CD Changer,Used
364275793142,Wall Mount Brackets for Bose Lifestyle V35 V30 48 Series III - Pair Black,New
364275871766,Universal remote control for Bose Cinemate II GS - Cinemate 15 systems,New
364275878611,Bose Acoustimass 10 Series IV Subwoofer only Home Entertainment System Black,Used
364275948398,Bose Wireless Acoustimass module for Bose Cinemate 520/ Sountouch 520,Used
364275965890,Bose Wireless Acoustimass module for Bose Cinemate 120/ Cinemate 130,Used
364275985530,Bose Wireless Acoustimass module for Bose Lifestyle 135 / Soundtouch 135,Used
364279372885,Genuine Bose Wall Mount brackets For Bose Lifestyle 18 28 38 48 - Single - Black,Used
364280765533,Bose VCS-300 home theater upgrade package,Used
364280825534,Plastic wall mount bracket for Bose 151SE 161 Speaker - Black -Pair,New
364280831138,Bose Lifestyle PS28 Subwoofer (Black) For AV18 AV38 With 9-pin Cable,Used
364280837799,A Pair Of Double Cube Speaker for BOSE Lifestyle Acoustimass - White,Used
364280842611,Bose 269842-002 Rev.06 Billion Transformer,Used
364280954243,NEW Bose Universal Floor Stands for Lifestyle 600 (Pair) - Black,Used
364282071044,Bose Professional FreeSpace 3 Series II Acoustimass Subwoofer Module (White),Used
364282077350,Plastic wall mount bracket for Bose 161 151 SE Speaker - WHITE -Pair,New
364282092320,Metal Wall mount bracket for Bose 321 or Cinemate Speakers- Single,New
364282097038,Bose Music Center Model 5 CD Player for Lifestyle 3 5 8 12,Used
364282142690,"Bose 3.1 Home Theater System, Black",Used
364282245105,"Bose Smart Soundbar 900 Dolby Atmos with Alexa Built-In, Bluetooth connectivity",New
364282315986,Bose SoundDock w Bluetooth Adapter-Series II 30-Pin iPod/iPhone Speak (Silver),Used
364282321535,Bose 321 or CineMate GS Gemstone Speakers - Pair,Used
364282360847,Genuine Bose Mounting bracket for Bose 151 SE or 161 Speaker - Black -Single,Used
364282362387,40FT Speaker Cable for rear Bose cube speaker Acoustimass Lifestyle - Single,New
364283601784,Bose Wave Radio II (Cream) with Bluetooth Adapter,Used
364285084045,Bose Universal Floor Stands (Pair) - Black for Bose Cube Speaker,Used
364285084996,Bose Universal Floor Stands (Pair) - Black for Bose Jewel CUBE Speaker,Used
364285088380,Bose Universal Floor Stands (Single)- Black for Bose Jewel CUBE Speaker,Used
364285347344,"Bose Power Supply adapter for Lifestyle 18,28,35,38,48.AV18,AV28,AV38,AV48",Used
364285348234,replacement Bose Power Supply adapter for Lifestyle V30 V20 V10 MC1 Console,Used
364291098960,Pair of OEM Bluetooth Adapter for Bose Wave Music System II III IV,New
364292247745,Set of 5 Metal SlideConnect Wall bracket For Bose Acoustimass 10 Series V,New
364292247887,Set of 5 Metal SlideConnect Wall bracket For Bose Acoustimass 6 Series V,New
364293544941,OEM Bluetooth Adapter for Bose Music Center Model 5 AM/FM CD Player,New
364293558368,Bose Lifestyle V35 Dock for iPod or iPhone 30 pin,Used
364293559010,Bose iPod Dock for Bose Lifestyle V35 V25,Used
364294035923,Bose Lifestyle 48 Series-lll 5.1 Home Theater Jewel Speaker System,Used
364294043323,Bose Lifestyle 48 Series IV 5.1 Home Theater Speaker System w HDMI VS-2,Used
364295145944,Replacement Bose AV 130 Control Console w Remote for Bose Soundtouch 130,Used
364296264870,Bose Acoustic Wave Music System CD-3000 AM/FM CD Player Graphite Grey (CD3000),Used
364297292601,Guitar Hero III: Legends of Rock Wireless Bundle - Xbox 360 Local Pickup,Very Good
364388641998,"3.5mm Stereo Plug/2 RCA Plug Cable, 3ft Black for Bose wave Radio CD / CD-3000",New
364388771433,Steel Black Mount Brackets For Bose Lifestyle 600 & Surround Speakers 300,New
364408734395,Bose Wave RADIO (No CD Player) with Bluetooth Adapter - Graphite Gray,Used
364408748482,Bose Wave RADIO (No CD Player) with Bluetooth Adapter - WHITE CREAM,Used
364419832292,Whammy Bar Part for Rock Band Guitar PS2 PS3 Wii Xbox 360,Used
364419868236,Speaker Cable for Bose Cinemate 120 Soundbar To Console,Used
364462352956,Replacement Bose Remote Control for Bose Cinemate 520 | Soundtouch 520,Used
364466015059,USAV Bluetooth Adapter for Bose Wave Music System with Multi CD Changer,New
364474028680,Bose Wave Music System Model AWRCC2 - Free Shipping HI PR,Used
364474047225,Bluetooth transmitter Adapter Bose Wave CD Player to Bose Wireless Headphone,New
364479934702,Speaker cable for Gemstone ES Speaker arrays Bose Lifestyle 235,Used
364487090236,Bose Wave Radio/CD AWRC-1G AWRC-1P Main Motherboard Circuit Board,Used
364490802363,Genuine Bose Metal Wall Brackets for Bose Model 151 Speakers,Used
364490805166,Genuine Bose Metal Wall Brackets for Bose Model 151 101 Speakers - White,New
364504359144,Bluetooth transmitter Adapter for Bose CD Player to Bose Wireless Headphones,New
364504361977,Bluetooth transmitter Adapter for Bose CD Player to Apple Airpods,New
364506075144,Genuine Bose Wall Mount brackets For Bose Acoustimass 6 10 III - Single,Used
364521658725,Power jack for Bose 5 Multi CD Changer,Used
364536208686,Genuine Bose Subwoofer Rubber Feet - 4 rubber feet (for the Acoustimass 6 10 15),Used
364537408949,Bose Smart Soundbar 700,Used
364570424500,GENUINE BOSE Power-Cord For Bose Lifestyle PS28 PS38 PS48 Series III Subwoofer,Used
364604452661,PS3 Guitar Hero 5 GUITAR Controller with USB Receiver Dongle Playstation 3,Very Good
364604792672,Genuine Bose Bluetooth Soundtouch Adapter for Bose Wave Music System IV,Used
364607777103,Bose Bluetooth Wifi Soundtouch Adapter for Bose Wave Music System IV Silver,Used
364618109890,"Bose Wave 3 Multi-CD Changer, Platinum White - DEFECTIVE",For parts or not working
364738589439,Genuine Bose Bluetooth Adapter for Bose Lifestyle Soundtouch 525 535,Used
364742932014,Ribbon Cable LCD to PCB Board for Bose Wave Music system IV / Wave Radio IV,Used
364742937158,Bose Wireless Surround Sound Rear Speakers Kit for Bose Acoustimass 6 10 15 16,Used
364772951908,Bose Redline Cube Speaker for Bose Acoustimass® home theater system,Used
364797946411,Bose Wave Music System with Multi-CD Changer - Graphite Grey (Black),Used
364797956301,Bose Wave® Music System with Multi-CD Changer - Platinum White,Used
364797968518,Bose 3 Disc Multi-CD Changer for Wave Music System AWRCC2 CD Player,Used
364798100820,USAV Bluetooth Adapter for SONOS Multi Room Music System,New
364798111177,USAV Bluetooth Adapter for Sonos Play:5 (Gen 1),New
364798113321,USAV Bluetooth Adapter Upgrade Kit for Sonos One (Gen 1),New
364798117006,USAV Bluetooth Adapter Upgrade Kit for Sonos Play : 3 (Gen 1),New
364798182191,Bose Universal Table Stand for Bose Virtually Invisible 300 (single stand),Used
364802264620,Replacement Grill For Bose Double Cube Acoustimass Lifestyle Speaker Black,Used
364810568802,BOSE Wave® Music System III with Multi-CD Changer - Limited-Edition Burgundy,Used
364814618286,"USAV Bluetooth Adapter for AV Receiver, 2 Channel Power Amplifier, Karaoke Mixer",New
364814724777,Bose Wave Soundlink Adapter UPDATE DISK for Bose Wave Music System II,New
364814726694,Bose Wave Soundlink Adapter UPDATE DISK for Bose Wave Music System AWRCC1 AWRCC2,New
364820737615,Bose Wave Music II AWRCC1 AWRCC2 Upgrade Kit for Bose Wave Soundlink Adapter,New
364820741491,Bose Wave AWRCC1 AWRCC2 (Update CD Adpater) Upgrade Kit Bluetooth Music Adapter,New
364820804411,NEW Genuine Bose Bluetooth Adapter for Bose Wave Music System AWRCC1 AWRCC2,New
364832385004,Bose Wave Music System (Graphite Gray) - CD MP3 Player AM/FM - FREE SHIPPING,Used
364832387448,Bose Wave Music System (Graphite Gray) - CD MP3 Player AM/FM w Bluetooth Adapter,Used
364860776024,Genuine Bose Ceiling bracket For Bose Acoustimass 6 10 Series III - Single,Used
364860776891,Genuine Bose Ceiling bracket For Bose Double Cube / Single Cube - Single,Used
364860779528,Genuine Bose Ceiling bracket For White Bose Double Cube - Single,Used
364867240398,Genuine Bose Bluetooth Adapter for Bose Wave Radio IV,New
364867550919,Genuine Bose UB-20W Speaker Mount Jewel / Cube Speaker - White,Used
364869021786,Bose Wireless Surround Double Cube Speakers for Bose Soundtouch 300,Used
364869038684,Replacement Bose Wireless Receiver for Bose Lifestyle 650 Surround Speaker,Used
364869066954,Genuine Bose Wifi Soundtouch Adapter for Bose Wave Music System IV III,Used
364870855630,Replacement Bose Subwoofer Driver Speaker for Bose Sounddock 10,Used
364871189164,Bose Wireless Surround Double Cube Speakers for Smart Soundbar 900,Used
364871191388,Bose Wireless Surround Double Cube Speakers for Smart Soundbar 300/ Soundbar 500,Used
364871197964,Bose Wireless Surround Speakers for Smart Soundbar 300/550/600/700/900,Used
364881077573,Genuine Bose Bluetooth Adapter for Bose Acoustic Wave Music System II,New
364881209969,USAV Bluetooth Adapter for Bose Wave Radio Model AWR1-1W AWR1-1G,New
364884465240,Genuine Bose White Wall Mount Bracket for Bose Double Cube Speaker - Single,Used
364884476096,Genuine Bose White Wall Mount Bracket for Bose Acoustimass 6 10 15 16 - Single,Used
364884510616,NEW Bose Metal Swivel Wall Ceiling Bracket for Bose Model 151 / 151 SE - Pair,New
364884833839,USAV Bluetooth Adapter for Bose Wave Music System IV / Wave Radio IV,New
364884857700,Bose Bluetooth SoundTouch Wireless Adapter for Bose Wave Music System IV,Used
364891263725,NEW JBL Premium Sound Stereo In-Ear Pure Bass Headphone Black,New
364920590754,02 pcs - Mounted Fixing Plate Bottom Screws for Bose UB-20 Wall Mount / Bracket,Used
364920600168,Genuine Bose UB-20 Replacement Clamp Screw Wall Mount Acoustimass Lifestyle Cube,Used
364920602419,02 - Black Mounting Screw for Bose Wall Mount / Bracket UB-20; fits Cube Speaker,Used
364922476173,BOSE Wave Music System IV Glass Stand ONLY,Used
364931094372,Genuine Bose Remote Control for Bose Radio/CD AWRC-1G AWRC-1P,New
364931602338,Bose UFS-20 Stand Part - Mounting Bracket Adapter for Virtually Invisible 300,New
364931607022,Bose Universal Table Stand for Bose Virtually Invisible 300 - single Stand,Used
364931610637,Bose Universal Table Stand for Bose Lifestyle 600 Acousticmass 10 V - single,Used
364933390814,Bose Wireless Surround Speakers Upgrade Kit for Bose Smart Soundbar 900,Used
364949101618,Refurbished Bose Bluetooth Adapter for Bose Wave Music System AWRCC1 2,Used
364949291956,Genuine Bluetooth Adapter Upgrade Kit for Bose Wave Music System AWRCC1 AWRCC2,Used
364992204222,Set of 2 Bose Double Dual Cube Speakers Acoustimass Lifestyle Surround Speaker,Used
365000688154,REPLACEMENT Bose Companion 3 Subwoofer Speaker Driver,Used
365083487490,Bose Wave Radio CD player AWRC-1G AWRC-1P - USAV Bluetooth Adapter Only,New
365083664803,Displays2Go Oval Trade Show Case with Twist Latches & Wheels - Black,Used
365083808980,Bose Acoustic Wave Music System CD-3000 with Bluetooth Adapter (No CD Player),Used
365083809871,Bose Acoustic Wave Music System CD-3000 with Bluetooth Adapter (No CD Player),Used
365083814225,Bose Acoustic Wave Music CD-3000 (Cream) with Bluetooth Adapter (No CD Player),Used
365103821482,Replacement Grill For Bose Double Cube Acoustimass Lifestyle Speaker White,Used
365103823265,Replacement Grill For Bose Double Cube Acoustimass Lifestyle Speaker Black,Used
365107669162,Bose Universal Floor Stands for Acoustimass Series V (Pair) - Black,Used
365107684428,"Bose UFS-20 Stand Part - Mounting Bracket Adapter for AM series V, Cinemate 520",New
365112414137,Two-pin speaker cable for Bose Lifestyle 600/650 Front Speakers - Single,New
365114116077,TOSLINK digital optical to Toslink Male 6ft Cable for iMac mini,New
365114119924,iMac mini to Bose Home Theater system - TOSLINK digital optical 6ft Cable,New
365114123435,Sony Walkman to Bose Home Theater system - TOSLINK digital optical 6ft Cable,New
365114129334,"Optical digital audio output Cable for Bose Solo 5, Cine 120, 1SR",New
365114129827,Optical digital audio output Cable for Bose Lifestyle 650 600 / SoundTouch 300,New
365114562915,USAV Bluetooth Adapter for Bose Companion 2 Series III II I,New
365114569539,USAV Bluetooth Upgrade Kit for Bose Companion 2 Series III II I,New
365115660428,5 Metal SlideConnect Brackets for Bose Direct/Reflecting Series II Speakers,New
365116063871,Bose Wave Music System AWRCC1 AWRCC2 Billion Power Supply TRANSFORMER 269842,Used
365116072586,Replacement Bose POWER TRANSFORMER 269842-001 for Bose Wave Music System II,Used
365116074667,Bose 269842-002 Rev.03 Billion Transformer,Used
365141813611,Bose Lifestyle PS 18 28 48 Service Manual (Photocopy),Brand New
365157423912,Replacement Remote Control for Bose Wave Music Radio IV 417788-WR 417788-WMS,New
365157425086,Bose Wave Music System 417788-WMS - Replacement Remote Control Only,New
365164046310,Bose 321 Series II Media Center Only with HDMI Output (Upgraded)- Tested Works,Used
365166927786,Bose-Bose 321 Cinemate I II III 1 2 3 GS GSX Speaker AC Power Cord US Plug,Used
365173025402,Bose Speaker Driver 2.25 IN For satellite Speaker,Used
365173037237,Bose Cinemate Series I II III AV321 3-2-1 GS Speaker Cover Grill,Used
365178274101,Bose Wave Music System CD Player AM/FM Radio (Titanium Silver) - REFURBISHED,Used
365183503070,USAV Bluetooth transmitter Adapter - Bose Wave CD to Bose Bluetooth Speaker,New
365185416811,Bose Acoustimass Lifestyle Double Cube Speaker - Tested FREE SHIPPING,Used
365185777936,Bose Double Cube Speaker With Mount DoubleShot Acoustimass Lifestyle Black,New
365195409329,Bose Wireless Surround Speakers w Stands for Smart Soundbar 300/550/600/700/900,Used
365195576038,Bose Bose SoundTouch Wireless Adapter for Bose Cinemate 520 130 120,Used
365199038557,Replacement Bose Speaker Driver for Bose Wave Music System III - PAIR,Used
365199039799,"Replacement Bose Speaker Driver for Bose Wave Music System Iv, Radio IV",Used
365215251520,NEW Audio input Cable 9 pin for Bose Lifestyle AV18 AV38 AV48 AV35 AV20,New
365215314383,Bose Speaker Satellite w Bare Speaker Wire Cable Adapter - Pair - Black,Used
365227845084,Pair of Genuine Bose Metal Wall Ceiling Bracket for Bose Model 151 151 SE,Used
365234835135,"Bose 321 GS II Home theater system, 3-2-1 GS series II Media center only.",Used
365234844584,Bose Lifestyle V25 5.1 Home Theater System,Used
365244465591,Integrated Touchpad Control for Bose Wave music system II III - Wave radio II,Used
365247915220,Refurbished BOSE 2.75-Inch Wave Full-Range Speaker with Cloth Edge - 25 Watts,Used
365247976960,KOHLER Single Door Beveled Medicine Cabinet with Mirror Door,Open box
365254636374,02 Bose UB-20 Machine Screw For Bose Cube - Bose 321 – Cinemate Speaker,New
365264807748,Refurbished Bose Bluetooth Adapter for Bose Wave Music System AWRCC1 AWRCC2,Used
365266739987,USAV Bluetooth Adapter for Bose Wave Music System IV,New
365266753937,BOSE UFS-20 Speaker Stand Parts - 02 Machine Screws for Bose Cube Speaker,New
365275736816,Replacement Power Transformer/ Supply for Bose Wave Radio/CD AWRC- 1G AWRC-1P,Used
365276659928,USAV Bluetooth Upgrade Kit for Bose Companion 5,New
365278059509,"Bose Wave Music System III High-Gloss Pearl White, Limited Edition + Bluetooth",Used
365278061913,MINT - Bose Wave Music System III BURGUNDY Limited Edition + BLUETOOTH,Used
365278560116,"USAV Bluetooth Transmitter Adapter for Computer, MP3 and Gym To BT Speakers",New
365282002789,Bose Virtually Invisible 300 Mounting Bracket Adapter for UFS-20 Stand Part,New
365282020793,Bose Cinemate II Subwoofer Only,Used
365288591124,"Replacement Woofer TRANSDUCER ASSEMBLY,116mm for Bose SoundTouch 30",Used
365288606959,USAV Bluetooth 2 In 1 transmitter Receiver Adapter - For Bose Wave System,New
365288657388,"3.5mm Stereo Plug/2 RCA Plug Cable, 3ft Black for Bose Lifestyle System",New
365290736052,Bose Wave Music System (BURGUNDY) - CD MP3 Player AM/FM w Bluetooth Adapter,Used
365291890427,USAV Bluetooth Adapter for Bose Wave IV model 417788-WMS,New
365314766918,Speaker Wall Mount for SONOS PLAY 1 Speakers - Single,New
365326849562,Bose Wireless Surround Double Cube Speakers for Smart Ultra Soundbar,Used
365326968432,Bose Wireless Surround Articulated Array speakers for Smart Soundbar 300/500/900,Used
365331291021,Bose Wave Radio with Bose Bluetooth Music Adapter- (Graphite Gray),Used
365341604120,Mounting Screw for Bose Wall Mount Bracket UB-20; fits Jewel Cube Speaker,New
365341623075,Bose Wireless Surround Double Cube Speakers for Bose Soundbar 500 700 900,Used
365345257493,BOSE Wave Music System IV Glass Stand ONLY,Used
365346981321,Replacement Bose Lifestyle PS28 Subwoofer For AV28 Media Center w Input Cable,Used
365346985454,Replacement Bose LSPS PS28 Subwoofer For AV28 Media Center w Input Cable,Used
365352544456,USAV Bluetooth Adapter for Bose Wave Radio CD player AWRC-1G / AWRC-1P,New
365352567473,USAV Bluetooth Upgrade Kit for Bose Wave Radio CD player AWRC-1G AWRC-1P,New
365354516258,Replacement Bose Power Adapter for Bose Wave Bluetooth Music Adapter,New
365354517650,Replacement Bose Power Adapter for Bose Wave SoundLink Adapter,New
365354524518,Replacement Bose SoundLink® Mini Bluetooth® Speaker Wall Charger,Used
365354525633,Replacement Bose SoundLink® Mini (Series I) Bluetooth Speaker Wall Charger,Used
365356392942,Bose 3-2-1 Series II Subwoofer with 321 Cable Link Subwoofer to Media Center,Used
365360210167,Bose Wireless Surround Jewel Cube Speakers for White Bose Smart Ultra Soundbar,Used
365360211162,Bose Wireless Surround Jewel Cube Speakers for White Bose Smart Soundbar 900,Used
365369647702,Replacement OEM Wall Charger For Bose SoundLink® Mini Bluetooth® Speaker,New
365372773921,BEHRINGER EUROTRACK POWER SUPPLY MODEL MXUL6,Used
365380576562,Bose UFS-20 Stand Part -Mounting Bracket Adapter for Bose Lifestyle 600 spk,New
365380579798,02 pcs - Mounted Fixing Plate Bottom Screws for UB-20 Series II wall Bracket,Used
365380735787,Replacement Bose 3-2-1 321 Series II Subwoofer Only - B Grade,Used
365382527643,Bose Acoustimass 10 Series III Speaker System (White) with wall brackets,Used
365401750521,OEM Bose SoundDock 10 Connector Cable – Replacement Flex Ribbon Cable 311564-001,Used
365414307080,Bose Wireless receiver Adapter w cable for Bose Lifestyle 600 650 speaker,Used
365414311404,Bose Wireless receiver Adapter w cable for Bose Lifestyle 600 650 speaker,New
365414317961,Bose Wireless receiver Adapter w cable for Bose Smart Ultra Soundbar / 900,New
365414323228,Bose Two-pin speaker cable for wireless receiver Bose Smart Ultra Soundbar/ 900,New
365414328854,Bose Two-pin speaker cable for wireless receiver Bose Smart Ultra Soundbar/ 900,Used
365420989421,PS2 Guitar Hero III Bundle w Game and Dongle,Good
365429412211,Replacement Circuit Board for Bose SoundDock 10 PN: 322642,Used
365441916756,Set of 5 Bose Surround Sound Speakers for 5.1 Home Theater System,Used
365441979647,Metal SlideConnect Wall bracket For Bose Bose Jewel II & Invisible 300 - single,New
365441982161,Pair of Wall bracket SlideConnect For Bose Bose Jewel II & Invisible 300,New
365441989852,"Set of 5 Metal SlideConnect Wall For Bose Lifestyle 600, Lifestyle 535",New
365442110552,Bose Wireless Surround Speakers for White Bose Smart Ultra Soundbar,Used
365442117976,Bose Wireless Surround Speakers for White Bose Smart Ultra / 900 Soundbar,Used
365456921740,Replacement Circuit Board Bose Subwoofer Powered Speaker System PS18 PS28 III,Used
365456930066,Replacement Circuit Board Bose Lifestyle 235 Subwoofer Powered Speaker System,Used
365465946058,Pair Of Bose 201 Series IV Direct Reflecting Speakers Left & Right Black,Used
365466762930,Metal Wall mount bracket for Bose 301 or 201 Speakers- Pair,New
365487430835,USB Dongle For Wii Rock Band Drum Model #NWDMS3,Used
365501892884,Replacement Guitar Strap for Guitar Hero Rockband Shoulder Belt Wii Xbox PS3 PS4,New
365534142120,Replacement Circuit Board Bose Subwoofer Powered Speaker System PS48 III,Used
365662810722,Bose Wave AWRCC1 AWRCC2 (Update CD +Adapter) Upgrade Kit Wave Soundlink Adapter,New
365716575025,Steel Wall Mounting Bracket For Bose 251 speaker - Single,New
365724350421,Upgrade CD w Power Adapter for Bose Wave Soundlink (Wave MS II AWRCC1 AWRCC2),New
365730142560,"NEW Bose 251 Environmental Speakers, Premium Outdoor Speakers - White",New
365730283518,"NEW Bose 251 Environmental Speakers, Premium Outdoor Speakers - Black",New
365739788753,Aluminum Wall Mounting Bracket For Bose 251 white speaker - Single,New
365740005563,Bose Wave Soundlink Adapter UPDATE DISK for Bose Acoustic Wave system II,New
365740216927,LCD Screen Part for Bose Soundtouch 520/130/220/120 Cinemate 520/130/220/120,Used
365794586055,"Bose Woofer driver WOOFER ASSY 5.25”, AM-5PIII for Lifestyle/AM Sub",Used
365831489663,Bose Wireless Surround Speakers for White Bose Smart Ultra / 900 Soundbar,Open box
365879768187,Bose Wireless Surround Double Cube Speakers for Bose Smart Ultra Soundbar,Used
365963499995,Bose Wave Music System IV III- Replacement Remote Control Only,New
366038546045,Bose wave music system Display Cover only-Black,Used
366300656400,Bose Wave Music System III Update Disc CD – Fixes “PLEASE UPDATE” Error,New